{"cameraMode":{"drawMode":0,"name":"Shaded","section":"Shading Mode"},"sceneLighting":true,"audioPlay":false,"sceneViewState":{"showFog":true,"showMaterialUpdate":false,"showSkybox":true,"showFlares":true,"showImageEffects":true,"showParticleSystems":true},"in2DMode":false,"pivot":{"x":-43.41172409057617,"y":-86.01890563964844,"z":190.23397827148438},"rotation":{"x":-0.19872842729091645,"y":0.13063229620456696,"z":-0.026949575170874597,"w":-0.9710314869880676},"size":114.26944732666016,"orthographic":false}