{"cameraMode":{"drawMode":0,"name":"Shaded","section":"Shading Mode"},"sceneLighting":true,"audioPlay":false,"sceneViewState":{"showFog":true,"showMaterialUpdate":false,"showSkybox":true,"showFlares":true,"showImageEffects":true,"showParticleSystems":true},"in2DMode":false,"pivot":{"x":-31.332380294799806,"y":-32.127628326416019,"z":34.37420654296875},"rotation":{"x":-0.23959925770759583,"y":0.3527779281139374,"z":-0.09431444853544235,"w":-0.899705171585083},"size":36.42295455932617,"orthographic":false}