{"cameraMode":{"drawMode":0,"name":"Shaded","section":"Shading Mode"},"sceneLighting":true,"audioPlay":false,"sceneViewState":{"showFog":true,"showMaterialUpdate":false,"showSkybox":true,"showFlares":true,"showImageEffects":true,"showParticleSystems":true},"in2DMode":false,"pivot":{"x":129.3260498046875,"y":-155.23880004882813,"z":197.2986297607422},"rotation":{"x":-0.27804800868034365,"y":-0.24839285016059876,"z":0.074294812977314,"w":-0.9250388145446777},"size":143.49591064453126,"orthographic":false}