{"cameraMode":{"drawMode":0,"name":"Shaded","section":"Shading Mode"},"sceneLighting":true,"audioPlay":false,"sceneViewState":{"showFog":true,"showMaterialUpdate":false,"showSkybox":true,"showFlares":true,"showImageEffects":true,"showParticleSystems":true},"in2DMode":false,"pivot":{"x":3.759772539138794,"y":-17.1884765625,"z":16.073650360107423},"rotation":{"x":-0.37684065103530886,"y":0.014101247303187848,"z":-0.005862010642886162,"w":-0.9262438416481018},"size":23.374961853027345,"orthographic":false}